item,description,owner,status,closed_on,photo
1,Backsplash end trim missing at the window,Pratt Tile,closed,2026-09-15,yes
2,Grout haze on hall bath floor,Pratt Tile,closed,2026-09-15,yes
3,Cabinet door rubs at the pantry,Brandt & Rowe,closed,2026-09-15,yes
4,Soffit paint touch-up,Brandt & Rowe,closed,2026-09-15,yes
5,Toe kick missing under the sink base,Brandt & Rowe,closed,2026-09-15,yes
6,Hall bath door sticks at the head,Brandt & Rowe,closed,2026-09-15,yes
7,Caulk at the tub surround,Brandt & Rowe,closed,2026-09-15,yes
8,Vanity hardware not installed,Brandt & Rowe,open,,no
9,Under-cabinet light switch plate missing,Delta Electric,open,,yes
