received_on,part_order,ro,qty,signed_by
2026-08-31,PO-7600,4440,1,Luis Mendez
2026-08-31,PO-7601,4441,1,Luis Mendez
2026-08-31,PO-7602,4442,1,Luis Mendez
2026-08-31,PO-7603,4443,1,Luis Mendez
2026-09-01,PO-7604,4444,1,Luis Mendez
2026-09-01,PO-7605,4445,1,Luis Mendez
2026-09-01,PO-7606,4446,1,Luis Mendez
2026-09-01,PO-7607,4447,1,Luis Mendez
2026-09-02,PO-7608,4448,1,Luis Mendez
2026-09-02,PO-7609,4449,1,Luis Mendez
2026-09-02,PO-7610,4450,1,Luis Mendez
2026-09-02,PO-7611,4451,1,Luis Mendez
2026-09-03,PO-7612,4452,1,Luis Mendez
2026-09-03,PO-7614,4454,1,Luis Mendez
2026-09-04,PO-7615,4456,1,Luis Mendez
2026-09-04,PO-7616,4457,1,Luis Mendez
2026-09-08,PO-7617,4460,1,Luis Mendez
2026-09-08,PO-7618,4461,1,Luis Mendez
2026-09-08,PO-7619,4463,1,Luis Mendez
2026-09-09,PO-7620,4464,1,Luis Mendez
2026-09-09,PO-7621,4466,1,Luis Mendez
2026-09-09,PO-7622,4467,1,Luis Mendez
2026-09-10,PO-7623,4468,1,Luis Mendez
2026-09-10,PO-7624,4469,1,Luis Mendez
2026-09-11,PO-7625,4472,1,Luis Mendez
2026-09-11,PO-7626,4473,1,Luis Mendez
2026-09-11,PO-7627,4474,1,Luis Mendez
2026-09-11,PO-7628,4475,1,Luis Mendez
2026-09-14,PO-7613,4453,1,Luis Mendez
2026-09-14,PO-7630,4477,1,Luis Mendez
2026-09-14,PO-7631,4478,1,Luis Mendez
2026-09-14,PO-7632,4479,1,Luis Mendez
2026-09-14,PO-7722,4465,1,Luis Mendez
2026-09-15,PO-7633,4480,1,Luis Mendez
2026-09-15,PO-7634,4482,1,Luis Mendez
2026-09-16,PO-7636,4485,1,Luis Mendez
2026-09-16,PO-7638,4487,1,Luis Mendez
2026-09-17,PO-7629,4476,1,Luis Mendez
2026-09-17,PO-7635,4484,1,Luis Mendez
2026-09-17,PO-7637,4486,1,Luis Mendez
2026-09-17,PO-7639,4490,1,Luis Mendez
2026-09-17,PO-7640,4491,1,Luis Mendez
2026-09-19,PO-7744,4494,2,Luis Mendez
