member_id,name,email,tier,amount,charged_on,result,retried_on,retry_result,note_sent
LL-1001,Ada Dunmore,ada.dunmore@example.com,Cellar Six,89.00,2026-09-20,approved,,,
LL-1002,Bram Kincaid,bram.kincaid@example.com,Sparkling Four,76.00,2026-09-20,approved,,,
LL-1003,Celia Redfern,celia.redfern@example.com,Cellar Six,89.00,2026-09-20,approved,,,
LL-1004,Dev Everly,dev.everly@example.com,Cellar Six,89.00,2026-09-20,approved,,,
LL-1005,Elin Lockwood,elin.lockwood@example.com,Cellar Six,89.00,2026-09-20,approved,,,
LL-1006,Farah Stroud,farah.stroud@example.com,Cellar Six,89.00,2026-09-20,approved,,,
LL-1007,Gus Fairbrook,gus.fairbrook@example.com,Cellar Six,89.00,2026-09-20,approved,,,
LL-1008,Hana Merriwether,hana.merriwether@example.com,Cellar Six,89.00,2026-09-20,approved,,,
LL-1009,Ivo Thackeray,ivo.thackeray@example.com,Sparkling Four,76.00,2026-09-20,approved,,,
LL-1010,Jun Galloway,jun.galloway@example.com,Cellar Six,89.00,2026-09-20,approved,,,
LL-1011,Kira Northcott,kira.northcott@example.com,Cellar Six,89.00,2026-09-20,declined,,,
LL-1012,Lars Abernathy,lars.abernathy@example.com,Cellar Twelve,169.00,2026-09-20,approved,,,
LL-1013,Mina Hollister,mina.hollister@example.com,Sparkling Four,76.00,2026-09-20,approved,,,
LL-1014,Noor Oakley,noor.oakley@example.com,Sparkling Four,76.00,2026-09-20,approved,,,
LL-1015,Otto Bellamy,otto.bellamy@example.com,Cellar Six,89.00,2026-09-20,approved,,,
LL-1016,Pia Ingram,pia.ingram@example.com,Cellar Six,89.00,2026-09-20,approved,,,
LL-1017,Quinn Penrose,quinn.penrose@example.com,Cellar Six,89.00,2026-09-20,approved,,,
LL-1018,Rafe Castellan,rafe.castellan@example.com,Cellar Six,89.00,2026-09-20,approved,,,
LL-1019,Suki Jessup,suki.jessup@example.com,Cellar Six,89.00,2026-09-20,approved,,,
LL-1020,Tomas Quarles,tomas.quarles@example.com,Sparkling Four,76.00,2026-09-20,approved,,,
LL-1021,Uma Dunmore,uma.dunmore@example.com,Cellar Six,89.00,2026-09-20,approved,,,
LL-1022,Vito Kincaid,vito.kincaid@example.com,Cellar Twelve,169.00,2026-09-20,declined,2026-09-20,approved,yes
LL-1023,Wren Redfern,wren.redfern@example.com,Sparkling Four,76.00,2026-09-20,approved,,,
LL-1024,Yara Everly,yara.everly@example.com,Cellar Twelve,169.00,2026-09-20,approved,,,
LL-1025,Ada Lockwood,ada.lockwood@example.com,Sparkling Four,76.00,2026-09-20,approved,,,
LL-1026,Bram Stroud,bram.stroud@example.com,Sparkling Four,76.00,2026-09-20,approved,,,
LL-1027,Celia Fairbrook,celia.fairbrook@example.com,Cellar Twelve,169.00,2026-09-20,approved,,,
LL-1028,Dev Merriwether,dev.merriwether@example.com,Cellar Twelve,169.00,2026-09-20,approved,,,
LL-1029,Elin Thackeray,elin.thackeray@example.com,Cellar Six,89.00,2026-09-20,approved,,,
LL-1030,Farah Galloway,farah.galloway@example.com,Cellar Six,89.00,2026-09-20,declined,,,
LL-1031,Gus Northcott,gus.northcott@example.com,Cellar Twelve,169.00,2026-09-20,approved,,,
LL-1032,Hana Abernathy,hana.abernathy@example.com,Cellar Twelve,169.00,2026-09-20,approved,,,
LL-1033,Ivo Hollister,ivo.hollister@example.com,Cellar Six,89.00,2026-09-20,approved,,,
LL-1034,Jun Oakley,jun.oakley@example.com,Cellar Twelve,169.00,2026-09-20,approved,,,
LL-1035,Kira Bellamy,kira.bellamy@example.com,Cellar Six,89.00,2026-09-20,approved,,,
LL-1036,Lars Ingram,lars.ingram@example.com,Cellar Twelve,169.00,2026-09-20,approved,,,
LL-1037,Mina Penrose,mina.penrose@example.com,Cellar Six,89.00,2026-09-20,approved,,,
LL-1038,Noor Castellan,noor.castellan@example.com,Cellar Six,89.00,2026-09-20,approved,,,
LL-1039,Otto Jessup,otto.jessup@example.com,Cellar Six,89.00,2026-09-20,declined,,,
LL-1040,Pia Quarles,pia.quarles@example.com,Cellar Twelve,169.00,2026-09-20,approved,,,
LL-1041,Quinn Dunmore,quinn.dunmore@example.com,Cellar Six,89.00,2026-09-20,approved,,,
LL-1042,Rafe Kincaid,rafe.kincaid@example.com,Cellar Six,89.00,2026-09-20,approved,,,
LL-1043,Suki Redfern,suki.redfern@example.com,Cellar Twelve,169.00,2026-09-20,approved,,,
LL-1044,Tomas Everly,tomas.everly@example.com,Cellar Six,89.00,2026-09-20,approved,,,
LL-1045,Uma Lockwood,uma.lockwood@example.com,Cellar Six,89.00,2026-09-20,approved,,,
LL-1046,Vito Stroud,vito.stroud@example.com,Sparkling Four,76.00,2026-09-20,approved,,,
LL-1047,Wren Fairbrook,wren.fairbrook@example.com,Cellar Six,89.00,2026-09-20,approved,,,
LL-1048,Yara Merriwether,yara.merriwether@example.com,Cellar Six,89.00,2026-09-20,approved,,,
LL-1049,Ada Thackeray,ada.thackeray@example.com,Cellar Six,89.00,2026-09-20,approved,,,
LL-1050,Bram Galloway,bram.galloway@example.com,Cellar Six,89.00,2026-09-20,approved,,,
LL-1051,Celia Northcott,celia.northcott@example.com,Cellar Six,89.00,2026-09-20,approved,,,
LL-1052,Dev Abernathy,dev.abernathy@example.com,Cellar Six,89.00,2026-09-20,approved,,,
LL-1053,Elin Hollister,elin.hollister@example.com,Sparkling Four,76.00,2026-09-20,approved,,,
LL-1054,Farah Oakley,farah.oakley@example.com,Sparkling Four,76.00,2026-09-20,approved,,,
LL-1055,Gus Bellamy,gus.bellamy@example.com,Cellar Twelve,169.00,2026-09-20,approved,,,
LL-1056,Hana Ingram,hana.ingram@example.com,Cellar Six,89.00,2026-09-20,declined,,,
LL-1057,Ivo Penrose,ivo.penrose@example.com,Cellar Six,89.00,2026-09-20,approved,,,
LL-1058,Jun Castellan,jun.castellan@example.com,Sparkling Four,76.00,2026-09-20,approved,,,
LL-1059,Kira Jessup,kira.jessup@example.com,Cellar Twelve,169.00,2026-09-20,approved,,,
LL-1060,Lars Quarles,lars.quarles@example.com,Sparkling Four,76.00,2026-09-20,approved,,,
LL-1061,Mina Dunmore,mina.dunmore@example.com,Cellar Six,89.00,2026-09-20,approved,,,
LL-1062,Noor Kincaid,noor.kincaid@example.com,Cellar Six,89.00,2026-09-20,declined,,,
LL-1063,Otto Redfern,otto.redfern@example.com,Cellar Six,89.00,2026-09-20,approved,,,
LL-1064,Pia Everly,pia.everly@example.com,Sparkling Four,76.00,2026-09-20,approved,,,
LL-1065,Quinn Lockwood,quinn.lockwood@example.com,Cellar Six,89.00,2026-09-20,approved,,,
LL-1066,Rafe Stroud,rafe.stroud@example.com,Cellar Six,89.00,2026-09-20,approved,,,
LL-1067,Suki Fairbrook,suki.fairbrook@example.com,Cellar Six,89.00,2026-09-20,approved,,,
LL-1068,Tomas Merriwether,tomas.merriwether@example.com,Sparkling Four,76.00,2026-09-20,approved,,,
LL-1069,Uma Thackeray,uma.thackeray@example.com,Cellar Six,89.00,2026-09-20,approved,,,
LL-1070,Vito Galloway,vito.galloway@example.com,Sparkling Four,76.00,2026-09-20,declined,2026-09-20,approved,yes
LL-1071,Wren Northcott,wren.northcott@example.com,Cellar Twelve,169.00,2026-09-20,approved,,,
LL-1072,Yara Abernathy,yara.abernathy@example.com,Cellar Twelve,169.00,2026-09-20,approved,,,
LL-1073,Ada Hollister,ada.hollister@example.com,Cellar Six,89.00,2026-09-20,approved,,,
LL-1074,Bram Oakley,bram.oakley@example.com,Cellar Six,89.00,2026-09-20,approved,,,
LL-1075,Celia Bellamy,celia.bellamy@example.com,Cellar Six,89.00,2026-09-20,approved,,,
LL-1076,Dev Ingram,dev.ingram@example.com,Cellar Six,89.00,2026-09-20,approved,,,
LL-1077,Elin Penrose,elin.penrose@example.com,Cellar Twelve,169.00,2026-09-20,approved,,,
LL-1078,Farah Castellan,farah.castellan@example.com,Sparkling Four,76.00,2026-09-20,approved,,,
LL-1079,Gus Jessup,gus.jessup@example.com,Cellar Twelve,169.00,2026-09-20,approved,,,
LL-1080,Hana Quarles,hana.quarles@example.com,Cellar Six,89.00,2026-09-20,approved,,,
LL-1081,Ivo Dunmore,ivo.dunmore@example.com,Cellar Twelve,169.00,2026-09-20,approved,,,
LL-1082,Jun Kincaid,jun.kincaid@example.com,Cellar Six,89.00,2026-09-20,approved,,,
LL-1083,Kira Redfern,kira.redfern@example.com,Cellar Six,89.00,2026-09-20,approved,,,
LL-1084,Lars Everly,lars.everly@example.com,Cellar Six,89.00,2026-09-20,approved,,,
LL-1085,Mina Lockwood,mina.lockwood@example.com,Sparkling Four,76.00,2026-09-20,approved,,,
LL-1086,Noor Stroud,noor.stroud@example.com,Sparkling Four,76.00,2026-09-20,approved,,,
LL-1087,Otto Fairbrook,otto.fairbrook@example.com,Cellar Six,89.00,2026-09-20,declined,,,
LL-1088,Pia Merriwether,pia.merriwether@example.com,Cellar Twelve,169.00,2026-09-20,approved,,,
LL-1089,Quinn Thackeray,quinn.thackeray@example.com,Cellar Six,89.00,2026-09-20,approved,,,
LL-1090,Rafe Galloway,rafe.galloway@example.com,Cellar Twelve,169.00,2026-09-20,approved,,,
LL-1091,Suki Northcott,suki.northcott@example.com,Cellar Six,89.00,2026-09-20,approved,,,
LL-1092,Tomas Abernathy,tomas.abernathy@example.com,Cellar Six,89.00,2026-09-20,approved,,,
LL-1093,Uma Hollister,uma.hollister@example.com,Sparkling Four,76.00,2026-09-20,approved,,,
LL-1094,Vito Oakley,vito.oakley@example.com,Cellar Six,89.00,2026-09-20,approved,,,
LL-1095,Wren Bellamy,wren.bellamy@example.com,Sparkling Four,76.00,2026-09-20,approved,,,
LL-1096,Yara Ingram,yara.ingram@example.com,Sparkling Four,76.00,2026-09-20,approved,,,
